{
  "base": {
    "acc": {
      "0": 0.9789473684210527,
      "1": 0.9809523809523809,
      "2": 1.0
    },
    "acc_old_overall": 0.9846153846153847,
    "sigma_mean": 0.6285911798477173,
    "sigma_max": 0.9043168425559998,
    "params": 1733
  },
  "teach_T1": {
    "acc": {
      "0": 0.9789473684210527,
      "1": 0.9809523809523809,
      "2": 1.0,
      "3": 0.8583333333333333
    },
    "captured_old": 0,
    "alpha": 0.01761825691878267,
    "max_dlogit_old": 0.0
  },
  "teach_T2": {
    "gamma_raw": 0.004474869282688068,
    "sigma_mean_raw": 0.6710776090621948,
    "sigma_max_raw": 1.4383525848388672,
    "rescale": 0.46234130859375,
    "gamma": 0.0020689169199439765,
    "sigma_mean": 0.6464492082595825,
    "sigma_max": 0.9799595475196838,
    "acc": {
      "0": 0.968421052631579,
      "1": 0.9761904761904762,
      "2": 1.0,
      "3": 1.0
    },
    "flips_old_vs_T1": 3,
    "dz_median": 0.02030581794679165,
    "dz_p90": 0.07069005072116852,
    "dz_max": 1.4723819494247437,
    "n_moved_gt_0.1": 29,
    "n_old": 520,
    "dscore_median": 0.028579339385032654,
    "dscore_max": 1.4650228023529053,
    "condensation_T1": 0.15922941267490387,
    "condensation_T2": 0.09651269763708115,
    "margin_T1": 0.5494418740272522,
    "margin_T2": 3.833174705505371,
    "settle_new_T1": 11,
    "settle_new_T2": 11,
    "settle_old_T1": 18,
    "settle_old_T2": 19
  },
  "evaporation": {
    "0": 2.4337475679203635e-07,
    "3": 3.265584780365316e-07,
    "10": 3.266221426656557e-07,
    "30": 3.3195354376402975e-07
  },
  "forget_taught": {
    "bitwise_exact": true
  },
  "forget_trained": {
    "recall_before": 1.0,
    "recall_after": 0.0,
    "acc01_before": [
      0.9789473684210527,
      0.9809523809523809
    ],
    "acc01_after": [
      0.9789473684210527,
      0.9857142857142858
    ],
    "reassigned": 121,
    "resurrect_recall": 1.0
  },
  "stack": {
    "L": 12,
    "params": 18981,
    "acc_base": {
      "0": 0.9789473684210527,
      "1": 0.9809523809523809,
      "2": 1.0
    },
    "sweep": [
      {
        "j": 0,
        "edit_params": 0,
        "acc": {
          "0": 0.9736842105263158,
          "1": 0.9809523809523809,
          "2": 1.0,
          "3": 1.0
        },
        "condensation": 0.38969528675079346,
        "margin": 6.132353782653809,
        "dz_old_max": 0.0
      },
      {
        "j": 1,
        "edit_params": 512,
        "acc": {
          "0": 0.9421052631578948,
          "1": 0.9809523809523809,
          "2": 1.0,
          "3": 1.0
        },
        "condensation": 0.7110822200775146,
        "margin": 5.189624309539795,
        "dz_old_max": 0.4556681513786316
      },
      {
        "j": 3,
        "edit_params": 1536,
        "acc": {
          "0": 0.9473684210526315,
          "1": 0.9809523809523809,
          "2": 1.0,
          "3": 1.0
        },
        "condensation": 0.7569019198417664,
        "margin": 4.874423027038574,
        "dz_old_max": 1.5673683881759644
      },
      {
        "j": 6,
        "edit_params": 3072,
        "acc": {
          "0": 0.9473684210526315,
          "1": 0.9666666666666667,
          "2": 1.0,
          "3": 1.0
        },
        "condensation": 0.7545916438102722,
        "margin": 4.867356300354004,
        "dz_old_max": 3.809786558151245
      },
      {
        "j": 12,
        "edit_params": 6144,
        "acc": {
          "0": 0.9473684210526315,
          "1": 0.9666666666666667,
          "2": 1.0,
          "3": 1.0
        },
        "condensation": 0.7547881007194519,
        "margin": 4.866486549377441,
        "dz_old_max": 3.856657028198242
      }
    ],
    "tied_edit_params": 512,
    "alpha_s": 0.034580230712890625
  },
  "scratch4": {
    "acc": {
      "0": 0.9789473684210527,
      "1": 0.9809523809523809,
      "2": 1.0,
      "3": 1.0
    },
    "overall": 0.9875,
    "overall_T1": 0.9609375,
    "overall_T2": 0.9828125
  }
}