{"_timestamp":1.7834446134540117e+09,"best_val_loss":1.456294298171997,"blowup_ratio":1.0001093622429476,"below_random":true,"_step":47,"step":12000,"_runtime":447,"best_step":11750,"val_loss":1.456453561782837,"_wandb":{"runtime":447},"best_bpc":2.100988562047614,"final_val_loss":1.456453561782837,"train_loss":1.3105993270874023,"params":2722560,"wall_s":448.20518732070923,"final_bpc":2.1012183308691665}