{"blowup_ratio":0.9999999791788002,"best_step":12000,"_runtime":457,"final_bpc":2.0649944420355246,"_timestamp":1.7834419107015934e+09,"train_loss":1.28513765335083,"step":12000,"final_val_loss":1.4313450753688812,"wall_s":459.2223732471466,"_step":47,"val_loss":1.4313450753688812,"_wandb":{"runtime":457},"params":2724864,"best_bpc":2.064994485031187,"best_val_loss":1.4313451051712036,"below_random":true}