{"_wandb":{"runtime":443},"final_val_loss":1.4360977411270142,"_step":47,"best_bpc":2.0718510893557855,"train_loss":1.3108566999435425,"below_random":true,"_runtime":443,"val_loss":1.4360977411270142,"best_val_loss":1.4360977411270142,"wall_s":444.1893455982208,"blowup_ratio":1,"final_bpc":2.0718510893557855,"_timestamp":1.7834414516947346e+09,"params":2724864,"step":12000,"best_step":12000}