{"_runtime":447,"final_val_loss":1.4259068369865417,"step":12000,"val_loss":1.4259068369865417,"best_bpc":2.0571488084814766,"_step":47,"params":2724864,"blowup_ratio":0.9999999581987822,"wall_s":457.2878041267395,"best_val_loss":1.4259068965911865,"_wandb":{"runtime":447},"final_bpc":2.0571487224901515,"train_loss":1.2841520309448242,"_timestamp":1.783440564904284e+09,"best_step":12000,"below_random":true}