{"_runtime":438,"best_bpc":2.0729684606384415,"wall_s":439.77910232543945,"blowup_ratio":0.999999958517784,"_wandb":{"runtime":438},"final_val_loss":1.4368721842765808,"_step":47,"_timestamp":1.783441007375249e+09,"final_bpc":2.072968374647116,"params":2724864,"best_step":12000,"train_loss":1.2945976257324219,"step":12000,"best_val_loss":1.4368722438812256,"val_loss":1.4368721842765808,"below_random":true}