{"n_small": 8000, "n_full": 55000, "solve_raw": 0.864, "solve_frozen": 0.8418, "e2e_small_mean": 0.8627333333333334, "e2e_small_std": 0.0033688111981660324, "e2e_small_seeds": [0.8671, 0.8589, 0.8622], "e2e_full_mean": 0.9012666666666668, "e2e_full_std": 0.0026284765338288802, "e2e_full_seeds": [0.9005, 0.8985, 0.9048]}