{
 "config": {
  "K": 50,
  "epochs": 12,
  "batch": 256,
  "lr": 0.004,
  "seeds": [
   0,
   1,
   2
  ],
  "train": 55000,
  "val": 5000,
  "test": 10000,
  "ood": "MNIST test (10k)",
  "bins": 15,
  "confidence": "max softmax probability of the final linear readout logits, identical pipeline for both nets"
 },
 "classes": [
  "T-shirt",
  "Trouser",
  "Pullover",
  "Dress",
  "Coat",
  "Sandal",
  "Shirt",
  "Sneaker",
  "Bag",
  "Boot"
 ],
 "per_seed": {
  "yat": [
   {
    "seed": 0,
    "acc": 0.837,
    "ece": 0.07633938169086593,
    "nll": 0.6978046763165252,
    "brier": 0.26117087581229964,
    "T": 2.069869928703892,
    "ece_T": 0.04349610430852182,
    "nll_T": 0.5343737905710992,
    "ood": {
     "mean": 0.504411520264715,
     "median": 0.4509690517454078,
     "frac90": 0.0631,
     "frac99": 0.0102
    },
    "auroc": {
     "msp": 0.92621392,
     "maxlogit": 0.93729817,
     "kmax": 0.91692004
    },
    "id_conf_mean": 0.9068392609831953
   },
   {
    "seed": 1,
    "acc": 0.8402,
    "ece": 0.0609619820288716,
    "nll": 0.5523103295615894,
    "brier": 0.24257797502244638,
    "T": 1.5942137484159589,
    "ece_T": 0.02488455580303247,
    "nll_T": 0.4832065546540136,
    "ood": {
     "mean": 0.5092003723045949,
     "median": 0.4567419018868299,
     "frac90": 0.0862,
     "frac99": 0.0218
    },
    "auroc": {
     "msp": 0.90902802,
     "maxlogit": 0.92177468,
     "kmax": 0.924865875
    },
    "id_conf_mean": 0.8958105268795739
   },
   {
    "seed": 2,
    "acc": 0.851,
    "ece": 0.048611002350945315,
    "nll": 0.4808842503787106,
    "brier": 0.22901146734754674,
    "T": 1.3677159359840119,
    "ece_T": 0.02482883640574876,
    "nll_T": 0.4493953132919387,
    "ood": {
     "mean": 0.629657322532098,
     "median": 0.6039337502338564,
     "frac90": 0.2259,
     "frac99": 0.0957
    },
    "auroc": {
     "msp": 0.80984818,
     "maxlogit": 0.92706087,
     "kmax": 0.90537726
    },
    "id_conf_mean": 0.8886158694890015
   }
  ],
  "relu": [
   {
    "seed": 0,
    "acc": 0.8781,
    "ece": 0.01634985914914748,
    "nll": 0.3618515243817702,
    "brier": 0.17951034125975984,
    "T": 1.1606880070626553,
    "ece_T": 0.009264323929512938,
    "nll_T": 0.35398579723665907,
    "ood": {
     "mean": 0.6639896311886787,
     "median": 0.6505595788155778,
     "frac90": 0.2109,
     "frac99": 0.0671
    },
    "auroc": {
     "msp": 0.8158985,
     "maxlogit": 0.93562533
    },
    "id_conf_mean": 0.8931216345591283
   },
   {
    "seed": 1,
    "acc": 0.8743,
    "ece": 0.02060233131325264,
    "nll": 0.3619432707087264,
    "brier": 0.1819008809035204,
    "T": 1.1959839389918827,
    "ece_T": 0.007411809181228604,
    "nll_T": 0.3533467699159144,
    "ood": {
     "mean": 0.6393394914712539,
     "median": 0.6192492278328019,
     "frac90": 0.17,
     "frac99": 0.0582
    },
    "auroc": {
     "msp": 0.83743342,
     "maxlogit": 0.94043345
    },
    "id_conf_mean": 0.8935460848405193
   },
   {
    "seed": 2,
    "acc": 0.8736,
    "ece": 0.015700636223140035,
    "nll": 0.35769743897292344,
    "brier": 0.18093723196065753,
    "T": 1.1447080805094199,
    "ece_T": 0.008062416712195444,
    "nll_T": 0.35217917487462236,
    "ood": {
     "mean": 0.680957727487051,
     "median": 0.6736897595051362,
     "frac90": 0.2543,
     "frac99": 0.1059
    },
    "auroc": {
     "msp": 0.78025913,
     "maxlogit": 0.9287888
    },
    "id_conf_mean": 0.8889833148599344
   }
  ]
 },
 "agg": {
  "yat": {
   "acc": {
    "mean": 0.8427333333333333,
    "std": 0.005989620652057662
   },
   "ece": {
    "mean": 0.06197078869022762,
    "std": 0.011342516574512358
   },
   "nll": {
    "mean": 0.5769997520856084,
    "std": 0.09026181727134268
   },
   "brier": {
    "mean": 0.2442534393940976,
    "std": 0.013182368877815792
   },
   "T": {
    "mean": 1.6772665377012876,
    "std": 0.2926071105642882
   },
   "ece_T": {
    "mean": 0.03106983217243435,
    "std": 0.00878673073685112
   },
   "nll_T": {
    "mean": 0.48899188617235056,
    "std": 0.03493267759327931
   },
   "id_conf_mean": {
    "mean": 0.8970885524505903,
    "std": 0.0074943539373670195
   }
  },
  "relu": {
   "acc": {
    "mean": 0.8753333333333333,
    "std": 0.0019770910168449116
   },
   "ece": {
    "mean": 0.017550942228513385,
    "std": 0.0021738758185573864
   },
   "nll": {
    "mean": 0.3604974113544734,
    "std": 0.0019802337151978086
   },
   "brier": {
    "mean": 0.1807828180413126,
    "std": 0.0009820226375406105
   },
   "T": {
    "mean": 1.1671266755213194,
    "std": 0.021422663301884064
   },
   "ece_T": {
    "mean": 0.008246183274312329,
    "std": 0.0007673679409370435
   },
   "nll_T": {
    "mean": 0.3531705806757319,
    "std": 0.0007479986969774003
   },
   "id_conf_mean": {
    "mean": 0.8918836780865274,
    "std": 0.002058173890446357
   }
  }
 },
 "ood_agg": {
  "yat": {
   "mean": {
    "mean": 0.5477564050338027,
    "std": 0.05794568428716617
   },
   "median": {
    "mean": 0.5038815679553647,
    "std": 0.07078682002418825
   },
   "frac90": {
    "mean": 0.12506666666666666,
    "std": 0.07192089790565434
   },
   "frac99": {
    "mean": 0.04256666666666666,
    "std": 0.037868221799052325
   }
  },
  "relu": {
   "mean": {
    "mean": 0.6614289500489945,
    "std": 0.017086782575839093
   },
   "median": {
    "mean": 0.6478328553845053,
    "std": 0.02230872979640898
   },
   "frac90": {
    "mean": 0.21173333333333333,
    "std": 0.03442037510286927
   },
   "frac99": {
    "mean": 0.07706666666666667,
    "std": 0.020709471799691608
   }
  }
 },
 "auroc_agg": {
  "yat": {
   "msp": {
    "mean": 0.8816967066666667,
    "std": 0.05128675513119369
   },
   "maxlogit": {
    "mean": 0.92871124,
    "std": 0.006443988221471782
   },
   "kmax": {
    "mean": 0.9157210583333333,
    "std": 0.00800123725567108
   }
  },
  "relu": {
   "msp": {
    "mean": 0.8111970166666667,
    "std": 0.023576864626171593
   },
   "maxlogit": {
    "mean": 0.9349491933333334,
    "std": 0.004777889282910992
   }
  }
 }
}