{
 "kepler": {
  "euler_drift": 0.6831305575250826,
  "euler_apo": 3.3687370385141424,
  "leapfrog_dev": 0.00016241444616786372
 },
 "accs": {
  "0.0": 0.998046875,
  "0.9": 1.0
 },
 "rewind": {
  "0.9/float32": 0.00032585859298706055,
  "0.9/float64": 5.820066650841227e-13,
  "0.6/float32": 172.24038696289062,
  "0.6/float64": 4.5171877714744735e-07,
  "0.3/float32": 9745485824.0,
  "0.3/float64": 239.97932701093998
 }
}