{"train_loss":1.3014194965362549,"final_val_loss":1.439083755016327,"blowup_ratio":0.9999999585815335,"val_loss":1.439083755016327,"below_random":true,"wall_s":460.2010431289673,"step":12000,"final_bpc":2.0761589967859226,"_timestamp":1.7834423734923396e+09,"_wandb":{"runtime":459},"best_bpc":2.0761590827772483,"_step":47,"params":2724864,"best_val_loss":1.4390838146209717,"_runtime":459,"best_step":12000}