{"definitions":{"winner":"argmax of the model's own attention row (top-1 key)","nearest":"argmin_j ||q_i - k_j|| over the causal window, from the trained q/k","aligned":"argmax_j q_i . k_j over the causal window","scale_changed(t)":"fraction of rows whose winner changes when every query is scaled q -> t q (scores recomputed with the head's learned scalars)","occupancy":"distinct top-1 winners / sequence length, per head"},"models":{"softmax":{"L":6,"H":4,"T":128,"dh":48,"winner_is_nearest":0.5121391076115486,"winner_is_aligned":0.9993438320209974,"mean_norm_entropy_final":0.49413193713231296,"occupancy_mean_by_step":[0.21028645833333334,0.5094401041666666,0.5592447916666666,0.5647786458333334],"occupancy_final_min":0.109375,"occupancy_final_max":0.9375,"scale_changed":{"0.5":0.0,"0.8":0.0,"1.25":0.0,"2.0":0.0,"4.0":0.0},"keys_inside_hull":0,"keys_total":3072},"yat_b":{"L":6,"H":4,"T":128,"dh":48,"winner_is_nearest":0.5177165354330708,"winner_is_aligned":0.5587270341207349,"mean_norm_entropy_final":0.7209531936519372,"occupancy_mean_by_step":[0.24055989583333334,0.3987630208333333,0.4244791666666667,0.4215494791666667],"occupancy_final_min":0.0546875,"occupancy_final_max":0.8671875,"scale_changed":{"0.5":0.12073490813648294,"0.8":0.047244094488188976,"1.25":0.05282152230971129,"2.0":0.151246719160105,"4.0":0.23293963254593175},"keys_inside_hull":0,"keys_total":3072},"goat_v":{"L":6,"H":4,"T":128,"dh":48,"winner_is_nearest":0.5582010582010583,"winner_is_aligned":0.7265211640211641,"mean_norm_entropy_final":0.7208528055940574,"occupancy_mean_by_step":[0.6438802083333334,0.5380859375,0.5690104166666666,0.56640625],"occupancy_final_min":0.1015625,"occupancy_final_max":0.9609375,"scale_changed":{"0.5":0.19047619047619047,"0.8":0.07605820105820106,"1.25":0.0667989417989418,"2.0":0.16666666666666666,"4.0":0.24173280423280424},"keys_inside_hull":0,"keys_total":3072}}}