{"yat": {"T": 2.069869928703892, "pre": {"count": [0.0, 0.0, 6.0, 25.0, 54.0, 99.0, 154.0, 231.0, 307.0, 289.0, 337.0, 346.0, 453.0, 628.0, 7071.0], "conf": [0.0, 0.0, 0.1789, 0.2404, 0.3003, 0.3695, 0.4365, 0.5039, 0.566, 0.6344, 0.7025, 0.7658, 0.8341, 0.9023, 0.993], "acc": [0.0, 0.0, 0.3333, 0.36, 0.5, 0.4545, 0.4545, 0.5325, 0.5472, 0.5779, 0.6024, 0.6416, 0.6623, 0.7213, 0.9307], "ece": 0.07633938169086593}, "post": {"count": [0.0, 1.0, 39.0, 129.0, 197.0, 272.0, 364.0, 501.0, 540.0, 461.0, 523.0, 497.0, 721.0, 941.0, 4814.0], "conf": [0.0, 0.1291, 0.1721, 0.2357, 0.303, 0.3669, 0.4329, 0.5017, 0.5671, 0.6321, 0.6999, 0.7663, 0.8336, 0.9036, 0.9863], "acc": [0.0, 1.0, 0.4615, 0.5194, 0.5838, 0.5735, 0.6099, 0.5928, 0.6296, 0.6746, 0.6979, 0.7505, 0.8391, 0.898, 0.967], "ece": 0.04349610430852182}}, "relu": {"T": 1.1606880070626553, "pre": {"count": [0.0, 0.0, 0.0, 3.0, 22.0, 76.0, 161.0, 309.0, 376.0, 380.0, 416.0, 466.0, 526.0, 800.0, 6465.0], "conf": [0.0, 0.0, 0.0, 0.2506, 0.3066, 0.3686, 0.4388, 0.5028, 0.5672, 0.633, 0.6999, 0.7675, 0.8353, 0.9034, 0.9907], "acc": [0.0, 0.0, 0.0, 0.6667, 0.2727, 0.3289, 0.4286, 0.5081, 0.5771, 0.6105, 0.6779, 0.7425, 0.8232, 0.85, 0.9794], "ece": 0.01634985914914748}, "post": {"count": [0.0, 0.0, 0.0, 7.0, 33.0, 99.0, 221.0, 350.0, 438.0, 450.0, 454.0, 475.0, 616.0, 881.0, 5976.0], "conf": [0.0, 0.0, 0.0, 0.2464, 0.3081, 0.3678, 0.4364, 0.5027, 0.5661, 0.6331, 0.7005, 0.7656, 0.8336, 0.9022, 0.9894], "acc": [0.0, 0.0, 0.0, 0.4286, 0.3333, 0.3939, 0.4344, 0.5257, 0.5913, 0.6511, 0.7357, 0.7789, 0.8409, 0.899, 0.9843], "ece": 0.009264323929512938}}, "nBins": 15}