{"best_val_loss":1.4193575382232666,"_wandb":{"runtime":441},"best_bpc":2.047700081643074,"wall_s":442.6943738460541,"blowup_ratio":1.0000000419941018,"params":2722560,"val_loss":1.4193575978279114,"below_random":true,"_step":47,"final_bpc":2.0477001676343995,"final_val_loss":1.4193575978279114,"_runtime":441,"_timestamp":1.7834441656294947e+09,"step":12000,"train_loss":1.278671145439148,"best_step":12000}