{"_wandb":{"runtime":453},"train_loss":1.3085649013519287,"best_val_loss":1.43503999710083,"best_bpc":2.07032508729468,"step":12000,"_timestamp":1.783442827700331e+09,"best_step":11750,"blowup_ratio":1.0001935539394124,"_step":47,"wall_s":453.9755380153656,"final_val_loss":1.4353177547454834,"params":2724864,"final_bpc":2.0707258068711902,"below_random":true,"_runtime":453,"val_loss":1.4353177547454834}