{
 "mode": "full",
 "seeds": 2,
 "eps": 0.01,
 "e3b": {
  "rows": [
   {
    "K": 1024,
    "n": 511012,
    "lr": 0.003,
    "epochs": 20,
    "acc_mean": 0.85929,
    "acc_std": 0.0011900000000000244,
    "acc_seeds": [
     0.86048,
     0.8581
    ]
   }
  ],
  "eps": 1.0
 },
 "total_seconds": 231.85759902000427
}