{"final_val_loss":1.4206840991973877,"blowup_ratio":1.0009675759584924,"_timestamp":1.7834432779743483e+09,"step":12000,"_wandb":{"runtime":447},"below_random":true,"wall_s":448.7110812664032,"train_loss":1.261840581893921,"_step":47,"best_bpc":2.047632664443936,"params":2722560,"val_loss":1.4206840991973877,"final_bpc":2.0496139045818755,"best_step":11750,"_runtime":447,"best_val_loss":1.4193108081817627}