{
 "plain_mse": 0.00034203199902549386,
 "hnn_mse": 0.00011269561218796298,
 "plain_drift": 0.06412934511899948,
 "hnn_drift": 0.004398885183036327,
 "net_acc": 1.0,
 "net_acc_4L": 1.0,
 "net_energy_drift": 0.15320557355880737
}