{"_wandb":{"runtime":446},"_step":47,"below_random":true,"wall_s":447.48874521255493,"best_step":12000,"final_bpc":2.1042879632130913,"blowup_ratio":1.0000000408648106,"best_val_loss":1.4585812091827393,"final_val_loss":1.458581268787384,"_runtime":446,"_timestamp":1.7834455108296466e+09,"step":12000,"best_bpc":2.1042878772217657,"params":2722560,"train_loss":1.3344523906707764,"val_loss":1.458581268787384}