{"val_loss":1.4520033597946167,"_step":47,"best_step":12000,"best_bpc":2.094798046529807,"train_loss":1.3171041011810303,"blowup_ratio":1,"wall_s":447.3336184024811,"_wandb":{"runtime":445},"final_val_loss":1.4520033597946167,"below_random":true,"params":2722560,"_runtime":445,"final_bpc":2.094798046529807,"best_val_loss":1.4520033597946167,"step":12000,"_timestamp":1.7834450631416466e+09}