{"best_bpc":2.0496128726859704,"best_val_loss":1.4206833839416504,"_wandb":{"runtime":441},"train_loss":1.2589375972747803,"step":12000,"blowup_ratio":1.0010034985361091,"val_loss":1.4221090376377106,"below_random":true,"_timestamp":1.7834437220436273e+09,"_step":47,"wall_s":442.1022152900696,"_runtime":441,"final_bpc":2.0516696562033014,"params":2722560,"final_val_loss":1.4221090376377106,"best_step":11750}